activityId,actors,category,subcategory,city
1,actors,categoryname,subcategoryname,cityname
2,,舞蹈芭蕾,舞蹈,成都
3,艺人：Krist,演唱会,其他演唱会,重庆
4,,话剧歌剧,音乐剧,杭州
5,,展览休闲,特色体验,成都
6,,展览休闲,特色体验,成都
7,,话剧歌剧,话剧,济南
8,艺人：洪辰,演唱会,其他演唱会,广州
9,,音乐会,其他音乐会,天津
10,,音乐会,其他音乐会,杭州
11,,展览休闲,展会,长沙
12,艺人：任贤齐,演唱会,其他演唱会,沈阳
13,艺人：小林未郁,演唱会,其他演唱会,南京
14,艺人：梁心颐,演唱会,其他演唱会,杭州
15,艺人：庄心妍,演唱会,流行,惠州
16,,曲苑杂坛,戏曲,上海
17,,展览休闲,特色体验,哈尔滨
18,艺人：侧田,演唱会,流行,江门
19,,话剧歌剧,音乐剧,杭州
20,,话剧歌剧,话剧,济南
21,艺人：陈楚生,演唱会,其他演唱会,杭州
22,艺人：张韶涵,演唱会,其他演唱会,江门
23,艺人：郭麒麟,话剧歌剧,话剧,杭州
24,,体育,球类运动,天津
25,,曲苑杂坛,魔术,长沙
26,,展览休闲,特色体验,成都
27,艺人：雾虹,演唱会,其他演唱会,杭州
28,,话剧歌剧,话剧,青岛
29,,曲苑杂坛,其他曲苑杂坛,大连
30,,舞蹈芭蕾,舞蹈,宁波
31,,儿童亲子,其他儿童亲子,昆明
32,艺人：刘德华,演唱会,其他演唱会,上海
33,艺人：徐均朔,音乐会,其他音乐会,上海
34,艺人：Greg Laswell,演唱会,其他演唱会,深圳
35,艺人：廖一梅、孟京辉,话剧歌剧,话剧,杭州
36,艺人：曹轩宾,演唱会,其他演唱会,深圳
37,,展览休闲,展会,杭州
38,,展览休闲,展会,深圳
39,,话剧歌剧,话剧,上海
40,,话剧歌剧,话剧,上海
41,,音乐会,其他音乐会,济南
42,艺人：赤世代,演唱会,其他演唱会,西安
43,,音乐会,其他音乐会,上海
44,,儿童亲子,其他儿童亲子,石家庄
45,,展览休闲,展会,上海
46,,舞蹈芭蕾,舞蹈,杭州
47,,话剧歌剧,话剧,兴安盟
48,,展览休闲,特色体验,成都
49,,音乐会,室内乐及古乐,上海
50,,儿童亲子,其他儿童亲子,宜昌
51,,儿童亲子,其他儿童亲子,佛山
52,,展览休闲,展会,成都
53,,曲苑杂坛,戏曲,昆明
54,,展览休闲,展会,上海
55,艺人：新裤子、痛仰乐队,演唱会,其他演唱会,深圳
56,,儿童亲子,其他儿童亲子,柳州
57,,展览休闲,展会,上海
58,,展览休闲,特色体验,沈阳
59,,儿童亲子,其他儿童亲子,北京
60,,展览休闲,展会,合肥
61,,音乐会,室内乐及古乐,杭州
62,,话剧歌剧,话剧,上海
63,,演唱会,其他演唱会,武汉
64,,音乐会,其他音乐会,成都
65,艺人：梁静茹,演唱会,流行,广州
66,,体育,球类运动,青岛
67,演员: 宋晓峰、刘小光,曲苑杂坛,其他曲苑杂坛,北京
68,,音乐会,管弦乐,西安
69,,舞蹈芭蕾,舞蹈,广州
70,,展览休闲,展会,成都
71,,体育,田径,国际及港澳台
72,,体育,球类运动,廊坊
73,艺人：蔡依林,演唱会,流行,宁波
74,艺人：青曲社,曲苑杂坛,相声,西安
75,,展览休闲,特色体验,成都
76,,话剧歌剧,音乐剧,上海
77,,展览休闲,展会,成都
78,艺人：洪辰,演唱会,其他演唱会,上海
79,,儿童亲子,其他儿童亲子,重庆
80,,儿童亲子,其他儿童亲子,成都
81,艺人：刘德华,演唱会,其他演唱会,广州
82,,话剧歌剧,话剧,苏州
83,,展览休闲,特色体验,南京
84,艺人：安德鲁·斯科特,话剧歌剧,音乐剧,广州
85,艺人：李宗盛,演唱会,其他演唱会,株洲
86,,音乐会,其他音乐会,北京
87,艺人：张国立、王刚、张铁林,话剧歌剧,话剧,北京
88,,话剧歌剧,音乐剧,广州
89,,体育,其他体育,上海
90,,话剧歌剧,话剧,广州
91,,儿童亲子,其他儿童亲子,石家庄
92,,话剧歌剧,音乐剧,深圳
93,,儿童亲子,其他儿童亲子,金华
94,,曲苑杂坛,戏曲,上海
95,,展览休闲,展会,深圳
96,,展览休闲,特色体验,成都
97,,展览休闲,展会,上海
98,,音乐会,室内乐及古乐,苏州
99,,儿童亲子,其他儿童亲子,宜昌
100,,话剧歌剧,话剧,北京
101,,展览休闲,特色体验,成都
102,艺人：李宗盛,演唱会,其他演唱会,黄石
103,,话剧歌剧,话剧,成都
104,,儿童亲子,其他儿童亲子,杭州
105,艺人：Stormzy,演唱会,其他演唱会,上海
106,艺人：余笛,话剧歌剧,音乐剧,杭州
107,,音乐会,其他音乐会,西安
108,艺人：曹轩宾,演唱会,其他演唱会,西安
109,艺人：韩红,演唱会,其他演唱会,武汉
110,,舞蹈芭蕾,舞蹈,杭州
111,,儿童亲子,其他儿童亲子,福州
112,,展览休闲,展会,上海
113,,话剧歌剧,话剧,北京
114,,展览休闲,特色体验,成都
115,,音乐会,其他音乐会,济南
116,,儿童亲子,其他儿童亲子,泉州
117,,体育,其他体育,三亚
118,,儿童亲子,其他儿童亲子,宜昌
119,,儿童亲子,其他儿童亲子,佛山
120,,话剧歌剧,话剧,石家庄
121,,展览休闲,展会,上海
122,艺人：戴爱玲,演唱会,流行,广州
123,,体育,球类运动,北京
124,,体育,篮球,上海
125,,话剧歌剧,话剧,昆明
126,,音乐会,其他音乐会,深圳
127,艺人：周杰伦,展览休闲,特色体验,上海
128,,曲苑杂坛,相声,青岛
129,,音乐会,其他音乐会,广州
130,,话剧歌剧,音乐剧,广州
131,,展览休闲,特色体验,南京
132,,话剧歌剧,音乐剧,北京
133,,展览休闲,特色体验,西安
134,,话剧歌剧,话剧,北京
135,,音乐会,其他音乐会,呼和浩特
136,,话剧歌剧,音乐剧,深圳
137,,展览休闲,特色体验,上海
138,,音乐会,其他音乐会,哈尔滨
139,,话剧歌剧,话剧,昆明
140,,儿童亲子,其他儿童亲子,深圳
141,艺人：周子琰,演唱会,其他演唱会,杭州
142,,儿童亲子,其他儿童亲子,长春
143,,儿童亲子,其他儿童亲子,上海
144,,展览休闲,展会,北京
145,,话剧歌剧,音乐剧,北京
146,,展览休闲,展会,北京
147,,音乐会,其他音乐会,烟台
148,艺人：晨曦光廊,演唱会,其他演唱会,宁波
149,,儿童亲子,其他儿童亲子,郑州
150,,话剧歌剧,话剧,北京
151,艺人：Nightwish,演唱会,其他演唱会,北京
152,,音乐会,其他音乐会,上海
153,,音乐会,其他音乐会,成都
154,,话剧歌剧,话剧,南京
155,,音乐会,其他音乐会,上海
156,艺人：陈楚生,演唱会,其他演唱会,成都
157,,儿童亲子,其他儿童亲子,成都
158,,展览休闲,展会,深圳
159,艺人：李云迪,音乐会,独奏,珠海
160,,儿童亲子,其他儿童亲子,泉州
161,,展览休闲,展会,北京
162,艺人：广州交响乐团,音乐会,其他音乐会,广州
163,,展览休闲,特色体验,成都
164,,展览休闲,特色体验,成都
165,艺人：王嘉尔、盘尼西林,体育,其他体育,张家口
166,艺人：DearJane,演唱会,其他演唱会,东莞
167,艺人：Madilyn Bailey,演唱会,其他演唱会,南京
168,,展览休闲,展会,上海
169,艺人：林奕匡,演唱会,流行,佛山
170,,儿童亲子,其他儿童亲子,重庆
171,,曲苑杂坛,戏曲,上海
172,艺人：雾虹,演唱会,其他演唱会,上海
173,,音乐会,其他音乐会,济南
174,艺人：雾虹,演唱会,其他演唱会,宁波
175,,音乐会,其他音乐会,武汉
176,艺人：曹轩宾,演唱会,其他演唱会,郑州
177,艺人：曹轩宾,演唱会,其他演唱会,杭州
178,,儿童亲子,其他儿童亲子,深圳
179,,儿童亲子,其他儿童亲子,济南
180,,展览休闲,展会,武汉
181,,展览休闲,展会,呼和浩特
182,,音乐会,其他音乐会,上海
183,,音乐会,其他音乐会,深圳
184,,儿童亲子,其他儿童亲子,北京
185,,儿童亲子,其他儿童亲子,石家庄
186,,展览休闲,特色体验,北京
187,艺人：周希希,儿童亲子,其他儿童亲子,杭州
188,,展览休闲,展会,常州
189,,舞蹈芭蕾,舞蹈,苏州
190,,儿童亲子,其他儿童亲子,郑州
191,艺人：新裤子、痛仰乐队、刺猬乐队、Click#15、九连真人,演唱会,其他演唱会,北京
192,艺人：任贤齐,演唱会,其他演唱会,深圳
193,艺人：杨千嬅,演唱会,流行,柳州
194,,话剧歌剧,话剧,杭州
195,,展览休闲,特色体验,天津
196,,曲苑杂坛,戏曲,北京
197,,体育,田径,上海
198,,话剧歌剧,话剧,济南
199,,舞蹈芭蕾,舞蹈,乌鲁木齐
200,,儿童亲子,其他儿童亲子,北京
201,,儿童亲子,其他儿童亲子,呼和浩特
202,,演唱会,其他演唱会,天津
203,,儿童亲子,其他儿童亲子,深圳
204,艺人：陈佩斯、杨立新,话剧歌剧,话剧,杭州
205,,话剧歌剧,话剧,成都
206,艺人：林盛斌,话剧歌剧,话剧,广州
207,,儿童亲子,其他儿童亲子,杭州
208,,展览休闲,特色体验,成都
209,艺人：蔡琴,演唱会,其他演唱会,海口
210,艺人：洪辰,演唱会,其他演唱会,武汉
211,,儿童亲子,其他儿童亲子,湖州
212,,音乐会,其他音乐会,成都
213,艺人：高杨,话剧歌剧,音乐剧,杭州
214,,音乐会,其他音乐会,深圳
215,,音乐会,其他音乐会,成都
216,艺人：王传君,话剧歌剧,话剧,上海
217,,音乐会,室内乐及古乐,杭州
218,,儿童亲子,其他儿童亲子,杭州
219,,话剧歌剧,话剧,上海
220,,音乐会,其他音乐会,北京
221,,展览休闲,展会,上海
222,,儿童亲子,其他儿童亲子,深圳
223,,儿童亲子,其他儿童亲子,石家庄
224,,音乐会,其他音乐会,北京
225,艺人：林奕匡,演唱会,其他演唱会,东莞
226,,儿童亲子,其他儿童亲子,广州
227,,儿童亲子,其他儿童亲子,杭州
228,,话剧歌剧,话剧,青岛
229,,展览休闲,展会,北京
230,,展览休闲,特色体验,成都
231,艺人：Tizzy T,演唱会,其他演唱会,上海
232,艺人：陈粒,演唱会,流行,长沙
233,,舞蹈芭蕾,舞蹈,昆明
234,艺人：CHRISTOPHER,演唱会,其他演唱会,广州
235,艺人：刘若英,演唱会,其他演唱会,郑州
236,,展览休闲,展会,北京
237,,音乐会,其他音乐会,贵阳
238,,舞蹈芭蕾,舞蹈,上海
239,,音乐会,其他音乐会,深圳
240,,展览休闲,特色体验,南京
241,,展览休闲,展会,上海
242,,话剧歌剧,话剧,成都
243,,曲苑杂坛,其他曲苑杂坛,济南
244,,儿童亲子,其他儿童亲子,石家庄
245,,曲苑杂坛,其他曲苑杂坛,上海
246,,音乐会,室内乐及古乐,深圳
247,,儿童亲子,其他儿童亲子,石家庄
248,,展览休闲,展会,武汉
249,,体育,球类运动,北京
250,,话剧歌剧,音乐剧,南京
251,,体育,篮球,深圳
252,,儿童亲子,其他儿童亲子,济南
253,,展览休闲,展会,上海
254,,展览休闲,特色体验,杭州
255,艺人：王若琳,演唱会,其他演唱会,中山
256,,话剧歌剧,话剧,成都
257,,展览休闲,特色体验,北京
258,,儿童亲子,其他儿童亲子,天津
259,,曲苑杂坛,戏曲,天津
260,艺人：吴青峰,演唱会,其他演唱会,广州
261,艺人：韦礼安,演唱会,流行,国际及港澳台
262,,话剧歌剧,音乐剧,济南
263,,话剧歌剧,音乐剧,北京
264,,话剧歌剧,音乐剧,乐山
265,艺人：蔡依林,演唱会,其他演唱会,南京
266,艺人：任贤齐,演唱会,其他演唱会,呼和浩特
267,,话剧歌剧,话剧,杭州
268,,话剧歌剧,话剧,昆明
269,,展览休闲,特色体验,上海
270,,音乐会,其他音乐会,北京
271,艺人：Madilyn Bailey,演唱会,其他演唱会,杭州
272,艺人：Madilyn Bailey,演唱会,其他演唱会,重庆
273,,音乐会,其他音乐会,北京
274,,话剧歌剧,话剧,成都
275,,展览休闲,展会,上海
276,,话剧歌剧,话剧,深圳
277,,话剧歌剧,音乐剧,青岛
278,,儿童亲子,其他儿童亲子,上海
279,艺人：郭德纲,曲苑杂坛,其他曲苑杂坛,天津
280,艺人：蔡依林,演唱会,流行,深圳
281,,儿童亲子,其他儿童亲子,金华
282,艺人：周杰伦,演唱会,其他演唱会,太原
283,艺人：郭麒麟、阎鹤祥,话剧歌剧,话剧,北京
284,艺人：蔡依林,演唱会,其他演唱会,天津
285,,展览休闲,展会,上海
286,艺人：嘻哈包袱铺,曲苑杂坛,其他曲苑杂坛,青岛
287,,话剧歌剧,音乐剧,深圳
288,,展览休闲,展会,上海
289,,话剧歌剧,音乐剧,广州
290,,音乐会,其他音乐会,成都
291,,体育,其他体育,上海
292,,儿童亲子,其他儿童亲子,深圳
293,,音乐会,其他音乐会,深圳
294,,曲苑杂坛,戏曲,上海
295,艺人：孟京辉,话剧歌剧,音乐剧,成都
296,,体育,球类运动,重庆
297,,展览休闲,展会,大连
298,,展览休闲,展会,广州
299,艺人：杨丽萍,话剧歌剧,音乐剧,深圳
300,,儿童亲子,其他儿童亲子,上海
301,艺人：郭德纲、于谦,曲苑杂坛,其他曲苑杂坛,北京
302,,音乐会,其他音乐会,兰州
303,,话剧歌剧,话剧,兰州
304,艺人：周子琰,演唱会,其他演唱会,北京
305,,展览休闲,展会,深圳
306,,话剧歌剧,音乐剧,深圳
307,,话剧歌剧,话剧,青岛
308,艺人：周杰伦,演唱会,其他演唱会,天津
309,,音乐会,其他音乐会,深圳
310,,音乐会,其他音乐会,上海
311,艺人：陈伟霆,演唱会,其他演唱会,广州
312,,儿童亲子,其他儿童亲子,重庆
313,,舞蹈芭蕾,舞蹈,广州
314,艺人：吴青峰,演唱会,流行,南京
315,,儿童亲子,其他儿童亲子,长春
316,,展览休闲,展会,上海
317,,儿童亲子,其他儿童亲子,泉州
318,,体育,篮球,深圳
319,,曲苑杂坛,戏曲,上海
320,,儿童亲子,其他儿童亲子,佛山
321,艺人：Tizzy T,演唱会,其他演唱会,广州
322,,话剧歌剧,话剧,杭州
323,,舞蹈芭蕾,舞蹈,上海
324,,音乐会,其他音乐会,合肥
325,,音乐会,其他音乐会,济南
326,艺人：李宗盛,演唱会,其他演唱会,洛阳
327,艺人：李宗盛,演唱会,流行,南通
328,,儿童亲子,其他儿童亲子,重庆
329,,音乐会,其他音乐会,深圳
330,,展览休闲,特色体验,呼和浩特
331,,话剧歌剧,话剧,上海
332,,儿童亲子,其他儿童亲子,上海
333,,曲苑杂坛,戏曲,上海
334,,话剧歌剧,话剧,上海
335,,话剧歌剧,音乐剧,杭州
336,,体育,其他体育,上海
337,,儿童亲子,其他儿童亲子,石家庄
338,艺人：Madilyn Bailey,演唱会,其他演唱会,深圳
339,,儿童亲子,其他儿童亲子,广州
340,艺人：吴青峰,展览休闲,特色体验,上海
341,,音乐会,其他音乐会,北京
342,,展览休闲,特色体验,成都
343,艺人：郭麒麟,话剧歌剧,话剧,南京
344,,音乐会,其他音乐会,上海
345,,展览休闲,展会,北京
346,,儿童亲子,其他儿童亲子,大连
347,艺人：GREEN DAY,演唱会,其他演唱会,中国香港
348,,展览休闲,展会,上海
349,,展览休闲,特色体验,上海
350,,儿童亲子,其他儿童亲子,深圳
351,,展览休闲,特色体验,郑州
352,,展览休闲,展会,西安
353,,儿童亲子,其他儿童亲子,北京
354,,展览休闲,特色体验,郑州
355,艺人：BOY STORY,演唱会,流行,南京
356,,曲苑杂坛,相声,大连
357,,儿童亲子,其他儿童亲子,厦门
358,,话剧歌剧,话剧,上海
359,艺人：小林未郁,演唱会,其他演唱会,广州
360,,音乐会,其他音乐会,上海
361,,儿童亲子,其他儿童亲子,深圳
362,,曲苑杂坛,其他曲苑杂坛,天津
363,艺人：CHRISTOPHER,演唱会,其他演唱会,南京
364,,展览休闲,特色体验,南京
365,艺人：杨丽萍,舞蹈芭蕾,舞蹈,广州
366,,音乐会,其他音乐会,北京
367,,音乐会,其他音乐会,杭州
368,,话剧歌剧,话剧,北京
369,,儿童亲子,其他儿童亲子,济南
370,,体育,其他体育,上海
371,,话剧歌剧,话剧,杭州
372,,儿童亲子,其他儿童亲子,北京
373,,音乐会,其他音乐会,上海
374,,展览休闲,展会,上海
375,,展览休闲,特色体验,长沙
376,,儿童亲子,其他儿童亲子,泉州
377,艺人：胡军、卢芳、苗驰,话剧歌剧,话剧,北京
378,,展览休闲,展会,上海
379,,展览休闲,特色体验,北京
380,,话剧歌剧,话剧,佛山
381,艺人：余笛,话剧歌剧,音乐剧,北京
382,,曲苑杂坛,其他曲苑杂坛,上海
383,艺人：刘若英,演唱会,流行,哈尔滨
384,艺人：刘德华,演唱会,其他演唱会,北京
385,艺人：陈粒,演唱会,其他演唱会,南京
386,艺人：李宗盛,演唱会,流行,蚌埠
387,,展览休闲,展会,成都
388,,话剧歌剧,音乐剧,广州
389,,音乐会,室内乐及古乐,上海
390,艺人：李宗盛,演唱会,其他演唱会,岳阳
391,,话剧歌剧,话剧,杭州
392,艺人：吴青峰,演唱会,流行,苏州
393,艺人：吴青峰,演唱会,其他演唱会,无锡
394,,体育,其他体育,上海
395,,展览休闲,特色体验,沈阳
396,,音乐会,其他音乐会,成都
397,艺人：宁财神、何念、宁浩,话剧歌剧,话剧,上海
398,艺人：Ruel,演唱会,其他演唱会,中国香港
399,,儿童亲子,其他儿童亲子,兴安盟
400,艺人：新秀,演唱会,其他演唱会,上海
401,,儿童亲子,其他儿童亲子,佛山
402,,展览休闲,特色体验,成都
403,,儿童亲子,其他儿童亲子,佛山
404,,展览休闲,展会,丽水
405,,儿童亲子,其他儿童亲子,深圳
406,,儿童亲子,其他儿童亲子,深圳
407,,展览休闲,展会,上海
408,,展览休闲,特色体验,连云港
409,,展览休闲,特色体验,上海
410,,展览休闲,特色体验,北京
411,,曲苑杂坛,相声,北京
412,,展览休闲,特色体验,北京
413,,体育,篮球,东莞
414,艺人：韦礼安,演唱会,流行,国际及港澳台
415,,话剧歌剧,音乐剧,广州
416,,展览休闲,展会,长沙
417,艺人：梁静茹,演唱会,其他演唱会,上海
418,艺人：李六乙、胡军、濮存昕,话剧歌剧,话剧,广州
419,,话剧歌剧,话剧,青岛
420,,儿童亲子,其他儿童亲子,天津
421,,曲苑杂坛,戏曲,郑州
422,艺人：蔡依林,演唱会,其他演唱会,成都
423,,音乐会,其他音乐会,杭州
424,,展览休闲,展会,深圳
425,,音乐会,其他音乐会,广州
426,艺人：梁静茹,演唱会,流行,金华
427,,儿童亲子,其他儿童亲子,济南
428,,儿童亲子,其他儿童亲子,昆明
429,艺人：张杰,演唱会,流行,合肥
430,艺人：张杰,演唱会,流行,苏州
431,,话剧歌剧,音乐剧,深圳
432,艺人：周杰伦,演唱会,流行,海口
433,,儿童亲子,其他儿童亲子,杭州
434,艺人：周杰伦,演唱会,其他演唱会,呼和浩特
435,艺人：林俊杰,演唱会,流行,上海
436,,展览休闲,展会,北京
437,艺人：嘻哈包袱铺、金霏、陈曦（相声演员）、周鹏飞、陈威、大虎小虎,曲苑杂坛,其他曲苑杂坛,宁波
438,,体育,球类运动,湖州
439,,儿童亲子,其他儿童亲子,南昌
440,,展览休闲,特色体验,南昌
441,艺人：陈奕迅,演唱会,其他演唱会,上海
442,,音乐会,其他音乐会,武汉
443,,话剧歌剧,话剧,杭州
444,艺人：赵传,演唱会,其他演唱会,杭州
445,,儿童亲子,其他儿童亲子,成都
446,,展览休闲,特色体验,南京
447,艺人：蔡依林,演唱会,其他演唱会,上海
448,艺人：蔡依林,演唱会,其他演唱会,郑州
449,,体育,田径,国际及港澳台
450,,体育,田径,国际及港澳台
451,,体育,田径,鹤壁
452,,体育,田径,国际及港澳台
453,,体育,球类运动,廊坊
454,,体育,田径,郑州
455,,话剧歌剧,话剧,上海
456,艺人：摩登兄弟,演唱会,其他演唱会,武汉
457,,话剧歌剧,音乐剧,成都
458,,展览休闲,展会,天津
459,艺人：张杰,演唱会,流行,南宁
460,,舞蹈芭蕾,舞蹈,广州
461,,话剧歌剧,话剧,杭州
462,,儿童亲子,其他儿童亲子,宁波
463,,儿童亲子,其他儿童亲子,广州
464,艺人：刺猬乐队、九连真人、房东的猫、Higher brothers、王以太、沈以诚、橘子海、TY.、棱镜乐队、A.T.M顶级玩家、霓虹花园、散人乐队、落日飞车、康姆士COM'Z,演唱会,音乐节,成都
465,艺人：刘德华,演唱会,流行,北京
466,,儿童亲子,其他儿童亲子,上海
467,,音乐会,其他音乐会,上海
468,,音乐会,其他音乐会,厦门
469,,儿童亲子,其他儿童亲子,佛山
470,,展览休闲,特色体验,上海
471,,体育,田径,国际及港澳台
472,,体育,田径,国际及港澳台
473,,儿童亲子,其他儿童亲子,上海
474,艺人：张韶涵,演唱会,其他演唱会,北京
475,,展览休闲,特色体验,成都
476,,音乐会,其他音乐会,深圳
477,,舞蹈芭蕾,舞蹈,深圳
478,,话剧歌剧,话剧,青岛
479,,舞蹈芭蕾,舞蹈,济南
480,艺人：仙羽,演唱会,其他演唱会,武汉
481,,儿童亲子,其他儿童亲子,遵义
482,艺人：刘若英,演唱会,其他演唱会,无锡
483,,曲苑杂坛,戏曲,成都
484,,话剧歌剧,话剧,北京
485,,音乐会,其他音乐会,贵阳
486,艺人：曹轩宾,演唱会,其他演唱会,上海
487,,话剧歌剧,话剧,重庆
488,,儿童亲子,其他儿童亲子,济南
489,,儿童亲子,其他儿童亲子,广州
490,,展览休闲,展会,温州
491,,音乐会,其他音乐会,成都
492,艺人：吴青峰,演唱会,其他演唱会,天津
493,,展览休闲,特色体验,桂林
494,,儿童亲子,其他儿童亲子,宜昌
495,,音乐会,室内乐及古乐,苏州
496,,展览休闲,展会,常州
497,,展览休闲,展会,上海
498,,儿童亲子,其他儿童亲子,兴安盟
499,,展览休闲,展会,苏州
500,,展览休闲,特色体验,北京
501,,展览休闲,特色体验,北京
502,艺人：Madilyn Bailey,演唱会,其他演唱会,武汉
503,,儿童亲子,其他儿童亲子,上海
504,,儿童亲子,其他儿童亲子,上海
505,,体育,足球,贵阳
506,,曲苑杂坛,其他曲苑杂坛,大连
507,艺人：CHRISTOPHER,演唱会,其他演唱会,成都
508,,儿童亲子,其他儿童亲子,天津
509,,话剧歌剧,音乐剧,深圳
510,艺人：郭麒麟、阎鹤祥,话剧歌剧,话剧,天津
511,,儿童亲子,其他儿童亲子,杭州
512,艺人：新秀,演唱会,其他演唱会,北京
513,艺人：Novo Amor,演唱会,其他演唱会,杭州
514,,话剧歌剧,话剧,杭州
515,,儿童亲子,其他儿童亲子,上海
516,,儿童亲子,其他儿童亲子,宜昌
517,,展览休闲,特色体验,成都
518,,展览休闲,展会,上海
519,,话剧歌剧,话剧,杭州
520,,儿童亲子,其他儿童亲子,兴安盟
521,,体育,篮球,沈阳
522,,音乐会,其他音乐会,贵阳
523,,展览休闲,特色体验,长春
524,,儿童亲子,其他儿童亲子,深圳
525,,话剧歌剧,话剧,成都
526,,演唱会,其他演唱会,成都
527,,舞蹈芭蕾,舞蹈,成都
528,艺人：共和理论,演唱会,其他演唱会,上海
529,艺人：CHRISTOPHER,演唱会,其他演唱会,重庆
530,,儿童亲子,其他儿童亲子,广州
531,艺人：Madilyn Bailey,演唱会,其他演唱会,中国香港
532,,儿童亲子,其他儿童亲子,沈阳
533,艺人：曹轩宾,演唱会,其他演唱会,武汉
534,艺人：曹轩宾,演唱会,其他演唱会,广州
535,艺人：陈佩斯、杨立新,话剧歌剧,话剧,上海
536,,话剧歌剧,话剧,合肥
537,,曲苑杂坛,戏曲,上海
538,,话剧歌剧,话剧,上海
539,,话剧歌剧,话剧,成都
540,,展览休闲,其他展览休闲,北京
541,,儿童亲子,其他儿童亲子,广州
542,,儿童亲子,其他儿童亲子,广州
543,,展览休闲,特色体验,成都
544,,儿童亲子,其他儿童亲子,宁波
545,,音乐会,其他音乐会,深圳
546,,话剧歌剧,话剧,北京
547,,儿童亲子,其他儿童亲子,深圳
548,,话剧歌剧,话剧,深圳
549,艺人：严值高,曲苑杂坛,其他曲苑杂坛,哈尔滨
550,艺人：仙羽,演唱会,其他演唱会,深圳
551,,话剧歌剧,话剧,杭州
552,,话剧歌剧,音乐剧,北京
553,艺人：仙羽,演唱会,其他演唱会,广州
554,艺人：Nightwish,演唱会,流行,广州
555,,话剧歌剧,音乐剧,舟山
556,,儿童亲子,其他儿童亲子,无锡
557,,儿童亲子,其他儿童亲子,南京
558,,音乐会,其他音乐会,青岛
559,艺人：许巍,演唱会,其他演唱会,苏州
560,,音乐会,其他音乐会,北京
561,,体育,足球,国际及港澳台
562,,儿童亲子,其他儿童亲子,深圳
563,艺人：亮声open,演唱会,其他演唱会,广州
564,,话剧歌剧,音乐剧,北京
565,,展览休闲,展会,上海
566,,话剧歌剧,话剧,金华
567,,展览休闲,展会,荆州
568,,儿童亲子,其他儿童亲子,杭州
569,艺人：小野丽莎,演唱会,其他演唱会,上海
570,,儿童亲子,其他儿童亲子,重庆
571,艺人：严值高,曲苑杂坛,其他曲苑杂坛,长春
572,,曲苑杂坛,其他曲苑杂坛,呼和浩特
573,,曲苑杂坛,其他曲苑杂坛,西安
574,,音乐会,其他音乐会,青岛
575,艺人：Madilyn Bailey,演唱会,其他演唱会,广州
576,,体育,足球,南京
577,艺人：孟京辉,话剧歌剧,话剧,成都
578,艺人：孙强、周涛,话剧歌剧,话剧,西安
579,,曲苑杂坛,戏曲,成都
580,艺人：周杰伦,展览休闲,特色体验,上海
581,,展览休闲,特色体验,上海
582,,展览休闲,展会,北京
583,艺人：Greg Laswell,演唱会,其他演唱会,北京
584,,儿童亲子,其他儿童亲子,杭州
585,,曲苑杂坛,相声,沈阳
586,,展览休闲,展会,深圳
587,,曲苑杂坛,戏曲,厦门
588,,话剧歌剧,话剧,上海
589,,儿童亲子,其他儿童亲子,贵阳
590,,音乐会,其他音乐会,宁波
591,,展览休闲,展会,深圳
592,,展览休闲,特色体验,北京
593,,体育,田径,国际及港澳台
594,,体育,田径,国际及港澳台
595,,曲苑杂坛,戏曲,北京
596,,曲苑杂坛,其他曲苑杂坛,天津
597,,话剧歌剧,音乐剧,天津
598,,话剧歌剧,话剧,上海
599,,曲苑杂坛,戏曲,杭州
600,艺人：Madilyn Bailey,演唱会,其他演唱会,北京
601,艺人：蔡依林,演唱会,其他演唱会,济南
602,,曲苑杂坛,相声,郑州
603,,体育,田径,国际及港澳台
604,,体育,田径,国际及港澳台
605,,演唱会,流行,上海
606,,体育,球类运动,郑州
607,,展览休闲,特色体验,上海
608,,音乐会,其他音乐会,杭州
609,,体育,田径,国际及港澳台
610,,展览休闲,特色体验,苏州
611,,演唱会,其他演唱会,长沙
612,,体育,田径,成都
613,,话剧歌剧,话剧,沈阳
614,,展览休闲,展会,上海
615,艺人：蔡依林,演唱会,流行,佛山
616,,展览休闲,展会,杭州
617,,音乐会,其他音乐会,成都
618,,话剧歌剧,音乐剧,上海
619,,展览休闲,展会,上海
620,,展览休闲,展会,上海
621,艺人：高杨,话剧歌剧,音乐剧,深圳
622,艺人：新裤子,演唱会,摇滚,上海
623,艺人：阿云嘎、李琦、马佳、郑云龙,演唱会,流行,南京
624,,音乐会,其他音乐会,昆明
625,,音乐会,其他音乐会,武汉
626,,儿童亲子,其他儿童亲子,马鞍山
627,,音乐会,其他音乐会,昆明
628,,音乐会,其他音乐会,中山
629,,话剧歌剧,话剧,深圳
630,,音乐会,其他音乐会,珠海
631,,音乐会,其他音乐会,宁波
632,,曲苑杂坛,戏曲,无锡
633,,儿童亲子,其他儿童亲子,南京
634,,展览休闲,展会,深圳
635,,话剧歌剧,话剧,深圳
636,,儿童亲子,其他儿童亲子,南京
637,,音乐会,其他音乐会,重庆
638,,儿童亲子,其他儿童亲子,石家庄
639,,话剧歌剧,话剧,杭州
640,,演唱会,其他演唱会,上海
641,,曲苑杂坛,其他曲苑杂坛,西安
642,,儿童亲子,其他儿童亲子,西安
643,,展览休闲,展会,沈阳
644,,曲苑杂坛,戏曲,武汉
645,,儿童亲子,其他儿童亲子,重庆
646,,展览休闲,特色体验,上海
647,,展览休闲,特色体验,上海
648,,曲苑杂坛,其他曲苑杂坛,重庆
649,,话剧歌剧,话剧,成都
650,,音乐会,其他音乐会,杭州
651,,曲苑杂坛,戏曲,上海
652,,话剧歌剧,话剧,深圳
653,,展览休闲,特色体验,天津
654,,曲苑杂坛,戏曲,潍坊
655,,展览休闲,特色体验,天津
656,,话剧歌剧,话剧,广州
657,,展览休闲,展会,昆明
658,,儿童亲子,其他儿童亲子,大连
659,,展览休闲,展会,广州
660,,展览休闲,展会,南京
661,,话剧歌剧,话剧,石家庄
662,,演唱会,其他演唱会,广州
663,,演唱会,其他演唱会,宁波
664,,音乐会,其他音乐会,上海
665,,展览休闲,特色体验,上海
666,,展览休闲,其他展览休闲,成都
667,,展览休闲,展会,长沙
668,艺人：龚子棋,话剧歌剧,音乐剧,上海
669,,音乐会,其他音乐会,上海
670,,话剧歌剧,话剧,上海
671,,展览休闲,展会,呼和浩特
672,,音乐会,其他音乐会,重庆
673,,曲苑杂坛,其他曲苑杂坛,苏州
674,,展览休闲,特色体验,东莞
675,,展览休闲,展会,上海
676,,展览休闲,特色体验,上海
677,,儿童亲子,其他儿童亲子,济南
678,,曲苑杂坛,其他曲苑杂坛,杭州
679,,儿童亲子,其他儿童亲子,济南
680,,展览休闲,特色体验,重庆
681,,话剧歌剧,话剧,重庆
682,,展览休闲,展会,沈阳
683,,话剧歌剧,话剧,上海
684,,音乐会,其他音乐会,南京
685,,曲苑杂坛,其他曲苑杂坛,烟台
686,,音乐会,其他音乐会,西安
687,,话剧歌剧,话剧,成都
688,,曲苑杂坛,戏曲,苏州
689,艺人：刘令飞,演唱会,其他演唱会,北京
690,,展览休闲,展会,长沙
691,,展览休闲,特色体验,成都
692,,展览休闲,特色体验,天津
693,,展览休闲,特色体验,天津
694,,展览休闲,特色体验,成都
695,,展览休闲,展会,天津
696,,话剧歌剧,音乐剧,西安
697,艺人：金圣权,话剧歌剧,音乐剧,上海
698,,儿童亲子,其他儿童亲子,绍兴
699,,曲苑杂坛,其他曲苑杂坛,成都
700,,展览休闲,展会,长沙
701,,展览休闲,展会,无锡
702,,展览休闲,展会,厦门
703,,话剧歌剧,话剧,上海
704,,展览休闲,特色体验,上海
705,,展览休闲,展会,北京
706,,话剧歌剧,音乐剧,舟山
707,,展览休闲,展会,杭州
708,,话剧歌剧,话剧,深圳
709,,话剧歌剧,音乐剧,上海
710,,舞蹈芭蕾,舞蹈,北京
711,,音乐会,其他音乐会,上海
712,,儿童亲子,其他儿童亲子,马鞍山
713,,演唱会,其他演唱会,广州
714,,音乐会,其他音乐会,广州
715,,话剧歌剧,话剧,广州
716,,儿童亲子,其他儿童亲子,石家庄
717,,曲苑杂坛,戏曲,广州
718,,儿童亲子,其他儿童亲子,长沙
719,,曲苑杂坛,其他曲苑杂坛,金华
720,,音乐会,其他音乐会,成都
721,,音乐会,其他音乐会,重庆
722,,音乐会,其他音乐会,重庆
723,,体育,其他体育,上海
724,,舞蹈芭蕾,舞蹈,西安
725,,展览休闲,展会,宁波
726,,展览休闲,展会,深圳
727,,话剧歌剧,话剧,上海
728,,儿童亲子,其他儿童亲子,重庆
729,,儿童亲子,其他儿童亲子,重庆
730,,曲苑杂坛,戏曲,成都
731,,儿童亲子,其他儿童亲子,重庆
732,,展览休闲,特色体验,青岛
733,,演唱会,其他演唱会,重庆
734,,音乐会,其他音乐会,上海
735,,演唱会,其他演唱会,西安
736,,音乐会,其他音乐会,上海
737,,曲苑杂坛,戏曲,昆明
738,,话剧歌剧,话剧,成都
739,,曲苑杂坛,戏曲,上海
740,,话剧歌剧,话剧,深圳
741,,话剧歌剧,话剧,深圳
742,,展览休闲,展会,天津
743,,话剧歌剧,话剧,深圳
744,,舞蹈芭蕾,舞蹈,南京
745,,话剧歌剧,话剧,南京
746,,演唱会,其他演唱会,重庆
747,,曲苑杂坛,戏曲,金华
748,,展览休闲,展会,深圳
749,,曲苑杂坛,戏曲,苏州
750,,曲苑杂坛,戏曲,常州
751,,儿童亲子,其他儿童亲子,上海
752,,儿童亲子,其他儿童亲子,西安
753,,演唱会,其他演唱会,重庆
754,,展览休闲,展会,成都
755,,话剧歌剧,话剧,上海
756,艺人：赵鹏,演唱会,其他演唱会,重庆
757,,舞蹈芭蕾,舞蹈,成都
758,,音乐会,其他音乐会,南京
759,,舞蹈芭蕾,舞蹈,上海
760,,展览休闲,展会,上海
761,,展览休闲,展会,上海
762,,展览休闲,展会,天津
763,,音乐会,其他音乐会,杭州
764,,音乐会,其他音乐会,长沙
765,,曲苑杂坛,其他曲苑杂坛,上海
766,,演唱会,其他演唱会,宁波
767,,话剧歌剧,话剧,上海
768,,话剧歌剧,话剧,上海
769,,话剧歌剧,话剧,上海
770,,展览休闲,其他展览休闲,杭州
771,,展览休闲,展会,北京
772,,展览休闲,特色体验,上海
773,,曲苑杂坛,戏曲,常州
774,,曲苑杂坛,戏曲,常州
775,,话剧歌剧,话剧,成都
776,,曲苑杂坛,其他曲苑杂坛,大连
777,,话剧歌剧,话剧,上海
778,,话剧歌剧,话剧,上海
779,,话剧歌剧,话剧,杭州
780,,展览休闲,展会,上海
781,,展览休闲,展会,上海
782,,展览休闲,展会,上海
783,,展览休闲,展会,上海
784,,展览休闲,展会,深圳
785,,展览休闲,特色体验,上海
786,,展览休闲,展会,北京
787,,展览休闲,展会,重庆
788,,展览休闲,展会,成都
789,,展览休闲,展会,北京
790,,展览休闲,展会,苏州
791,,展览休闲,展会,成都
792,,曲苑杂坛,其他曲苑杂坛,济南
793,,展览休闲,展会,上海
794,,展览休闲,展会,杭州
795,,话剧歌剧,话剧,成都
796,,展览休闲,展会,厦门
797,,展览休闲,展会,北京
798,,展览休闲,特色体验,上海
799,,展览休闲,特色体验,上海
800,,展览休闲,特色体验,北京
801,,话剧歌剧,话剧,成都
802,,曲苑杂坛,其他曲苑杂坛,杭州
803,,展览休闲,特色体验,昆明
804,,儿童亲子,其他儿童亲子,北京
805,,展览休闲,展会,上海
806,,展览休闲,展会,重庆
807,,话剧歌剧,话剧,济南
808,,演唱会,其他演唱会,成都
809,,话剧歌剧,话剧,深圳
810,,儿童亲子,其他儿童亲子,珠海
811,,音乐会,其他音乐会,珠海
812,,展览休闲,展会,深圳
813,,儿童亲子,其他儿童亲子,上海
814,,话剧歌剧,音乐剧,宁波
815,,话剧歌剧,话剧,广州
816,,展览休闲,展会,长春
817,,儿童亲子,其他儿童亲子,南京
818,,展览休闲,展会,郑州
819,,展览休闲,展会,宁波
820,,儿童亲子,其他儿童亲子,株洲
821,,舞蹈芭蕾,舞蹈,长沙
822,,话剧歌剧,话剧,金华
823,,演唱会,其他演唱会,上海
824,,音乐会,其他音乐会,厦门
825,,音乐会,其他音乐会,青岛
826,,舞蹈芭蕾,舞蹈,南京
827,,音乐会,其他音乐会,南京
828,,演唱会,其他演唱会,西安
829,,展览休闲,展会,合肥
830,,话剧歌剧,话剧,成都
831,,音乐会,其他音乐会,上海
832,,音乐会,其他音乐会,上海
833,,音乐会,其他音乐会,南通
834,,话剧歌剧,话剧,武汉
835,,话剧歌剧,话剧,深圳
836,,演唱会,其他演唱会,杭州
837,,话剧歌剧,话剧,成都
838,,儿童亲子,其他儿童亲子,潍坊
839,,话剧歌剧,话剧,南京
840,,展览休闲,展会,上海
841,,儿童亲子,其他儿童亲子,重庆
842,,展览休闲,特色体验,上海
843,,儿童亲子,其他儿童亲子,上海
844,,儿童亲子,其他儿童亲子,金华
845,,展览休闲,其他展览休闲,江门
846,,儿童亲子,其他儿童亲子,重庆
847,,展览休闲,其他展览休闲,上海
848,,展览休闲,展会,北京
849,,展览休闲,展会,上海
850,,音乐会,其他音乐会,上海
851,,儿童亲子,其他儿童亲子,苏州
852,,儿童亲子,其他儿童亲子,苏州
853,,儿童亲子,其他儿童亲子,苏州
854,,儿童亲子,其他儿童亲子,苏州
855,,话剧歌剧,音乐剧,上海
856,,话剧歌剧,话剧,西安
857,,展览休闲,特色体验,北京
858,,话剧歌剧,话剧,成都
859,,儿童亲子,其他儿童亲子,天津
860,,话剧歌剧,音乐剧,北京
861,,话剧歌剧,话剧,广州
862,,音乐会,其他音乐会,南京
863,,曲苑杂坛,戏曲,太原
864,,话剧歌剧,音乐剧,上海
865,,曲苑杂坛,其他曲苑杂坛,苏州
866,,展览休闲,其他展览休闲,成都
867,,展览休闲,展会,北京
868,,演唱会,其他演唱会,杭州
869,,儿童亲子,其他儿童亲子,合肥
870,,话剧歌剧,音乐剧,南宁
871,,曲苑杂坛,戏曲,广州
872,,曲苑杂坛,其他曲苑杂坛,常州
873,,儿童亲子,其他儿童亲子,嘉兴
874,,演唱会,其他演唱会,上海
875,,展览休闲,展会,重庆
876,,儿童亲子,其他儿童亲子,南京
877,,儿童亲子,其他儿童亲子,南京
878,,曲苑杂坛,其他曲苑杂坛,上海
879,,曲苑杂坛,其他曲苑杂坛,上海
880,,儿童亲子,其他儿童亲子,南京
881,,儿童亲子,其他儿童亲子,石家庄
882,,展览休闲,展会,长沙
883,,音乐会,其他音乐会,重庆
884,,音乐会,其他音乐会,重庆
885,,展览休闲,展会,呼和浩特
886,,曲苑杂坛,其他曲苑杂坛,杭州
887,,音乐会,其他音乐会,成都
888,,展览休闲,展会,上海
889,,曲苑杂坛,其他曲苑杂坛,苏州
890,,话剧歌剧,话剧,长沙
891,,话剧歌剧,话剧,杭州
892,,展览休闲,特色体验,杭州
893,,展览休闲,展会,成都
894,,展览休闲,展会,昆明
895,,曲苑杂坛,戏曲,南京
896,,音乐会,其他音乐会,苏州
897,,展览休闲,特色体验,济南
898,,演唱会,其他演唱会,杭州
899,,展览休闲,特色体验,天津
900,,儿童亲子,其他儿童亲子,重庆
901,,儿童亲子,其他儿童亲子,杭州
902,,话剧歌剧,话剧,深圳
903,,儿童亲子,其他儿童亲子,珠海
904,,音乐会,其他音乐会,珠海
905,,展览休闲,展会,深圳
906,,儿童亲子,其他儿童亲子,上海
907,,话剧歌剧,音乐剧,宁波
908,,话剧歌剧,话剧,广州
909,,展览休闲,展会,长春
910,,儿童亲子,其他儿童亲子,南京
911,,展览休闲,展会,郑州
912,,展览休闲,展会,宁波
913,,儿童亲子,其他儿童亲子,株洲
914,,舞蹈芭蕾,舞蹈,长沙
915,,话剧歌剧,话剧,金华
916,,演唱会,其他演唱会,上海
917,,音乐会,其他音乐会,厦门
918,,音乐会,其他音乐会,青岛
919,,舞蹈芭蕾,舞蹈,南京
920,,音乐会,其他音乐会,南京
921,,展览休闲,展会,合肥
922,,话剧歌剧,话剧,成都
923,,音乐会,其他音乐会,上海
924,,音乐会,其他音乐会,上海
925,,音乐会,其他音乐会,南通
926,,话剧歌剧,话剧,武汉
927,,话剧歌剧,话剧,深圳
928,,演唱会,其他演唱会,杭州
929,,话剧歌剧,话剧,成都
930,,儿童亲子,其他儿童亲子,潍坊
931,,话剧歌剧,话剧,南京
932,,展览休闲,展会,上海
933,,儿童亲子,其他儿童亲子,重庆
934,,展览休闲,特色体验,上海
935,,儿童亲子,其他儿童亲子,上海
936,,儿童亲子,其他儿童亲子,金华
937,,展览休闲,其他展览休闲,江门
938,,儿童亲子,其他儿童亲子,重庆
939,,展览休闲,其他展览休闲,上海
940,,展览休闲,展会,北京
941,,展览休闲,展会,上海
942,,音乐会,其他音乐会,上海
943,,儿童亲子,其他儿童亲子,苏州
944,,儿童亲子,其他儿童亲子,苏州
945,,儿童亲子,其他儿童亲子,苏州
946,,儿童亲子,其他儿童亲子,苏州
947,,话剧歌剧,音乐剧,上海
948,,话剧歌剧,话剧,西安
949,,展览休闲,特色体验,北京
950,,话剧歌剧,话剧,成都
951,,儿童亲子,其他儿童亲子,马鞍山
952,,音乐会,其他音乐会,马鞍山
953,,儿童亲子,其他儿童亲子,马鞍山
954,,话剧歌剧,音乐剧,北京
955,,儿童亲子,其他儿童亲子,马鞍山
956,,展览休闲,其他展览休闲,台州
957,,演唱会,其他演唱会,广州
958,,演唱会,其他演唱会,成都
959,,儿童亲子,其他儿童亲子,上海
960,,话剧歌剧,音乐剧,上海
961,,儿童亲子,其他儿童亲子,南宁
962,,展览休闲,展会,昆明
963,,展览休闲,展会,常州
964,,音乐会,其他音乐会,厦门
965,,音乐会,其他音乐会,青岛
966,,舞蹈芭蕾,舞蹈,南京
967,,音乐会,其他音乐会,南京
968,,展览休闲,展会,合肥
969,,舞蹈芭蕾,舞蹈,西安
970,,儿童亲子,其他儿童亲子,西安
971,,话剧歌剧,话剧,成都
972,,话剧歌剧,话剧,贵阳
973,,音乐会,其他音乐会,长沙
974,,音乐会,其他音乐会,上海
975,,音乐会,其他音乐会,上海
976,,音乐会,其他音乐会,南通
977,,话剧歌剧,音乐剧,成都
978,,话剧歌剧,话剧,武汉
979,,演唱会,其他演唱会,宁波
980,,话剧歌剧,话剧,深圳
981,,演唱会,其他演唱会,杭州
982,,话剧歌剧,话剧,成都
983,,展览休闲,展会,北京
984,,展览休闲,展会,上海
985,,展览休闲,特色体验,上海
986,,音乐会,其他音乐会,南京
987,,儿童亲子,其他儿童亲子,潍坊
988,,话剧歌剧,话剧,南京
989,,音乐会,其他音乐会,西安
990,,展览休闲,展会,上海
991,,音乐会,其他音乐会,西安
992,,话剧歌剧,话剧,成都
993,,展览休闲,特色体验,成都
994,,儿童亲子,其他儿童亲子,重庆
995,,展览休闲,特色体验,上海
996,,儿童亲子,其他儿童亲子,上海
997,,儿童亲子,其他儿童亲子,金华
998,,展览休闲,其他展览休闲,江门
999,,儿童亲子,其他儿童亲子,重庆
1000,,展览休闲,展会,天津
1001,,展览休闲,其他展览休闲,上海
1002,,展览休闲,展会,北京
1003,,展览休闲,展会,海口
1004,,展览休闲,展会,上海
1005,,话剧歌剧,音乐剧,杭州
1006,,音乐会,其他音乐会,上海
1007,,儿童亲子,其他儿童亲子,苏州
1008,,儿童亲子,其他儿童亲子,苏州
1009,,儿童亲子,其他儿童亲子,苏州
1010,,儿童亲子,其他儿童亲子,苏州
1011,,话剧歌剧,音乐剧,上海
1012,,话剧歌剧,音乐剧,西安
1013,,话剧歌剧,话剧,西安
1014,,展览休闲,特色体验,北京
1015,,话剧歌剧,话剧,杭州
1016,,话剧歌剧,话剧,成都
1017,,儿童亲子,其他儿童亲子,杭州
1018,,音乐会,其他音乐会,上海
1019,,话剧歌剧,音乐剧,北京
1020,,展览休闲,展会,哈尔滨
1021,,曲苑杂坛,其他曲苑杂坛,杭州
1022,,展览休闲,特色体验,上海
1023,,音乐会,其他音乐会,南京
1024,,展览休闲,展会,昆明
1025,,展览休闲,展会,常州
1026,,音乐会,其他音乐会,西安
1027,,音乐会,其他音乐会,西安
1028,,展览休闲,展会,北京
1029,,话剧歌剧,话剧,成都
1030,,体育,其他体育,上海
1031,,话剧歌剧,音乐剧,成都
1032,,展览休闲,特色体验,沈阳
1033,,展览休闲,展会,上海
1034,,展览休闲,展会,北京
1035,,话剧歌剧,音乐剧,杭州
1036,,展览休闲,特色体验,成都
1037,,话剧歌剧,话剧,杭州
1038,,展览休闲,特色体验,上海
1039,,展览休闲,特色体验,成都
1040,,儿童亲子,其他儿童亲子,杭州
1041,,音乐会,其他音乐会,上海
1042,,音乐会,其他音乐会,西安
1043,,曲苑杂坛,戏曲,苏州
1044,,展览休闲,特色体验,呼和浩特
1045,,展览休闲,展会,天津
1046,,展览休闲,特色体验,上海
1047,,展览休闲,展会,海口
1048,,展览休闲,展会,上海
1049,,体育,其他体育,北京
1050,,话剧歌剧,音乐剧,西安
1051,,儿童亲子,其他儿童亲子,南京
1052,,话剧歌剧,话剧,上海
1053,,展览休闲,展会,成都
1054,,展览休闲,展会,北京
1055,,话剧歌剧,音乐剧,宁波
1056,,话剧歌剧,话剧,西安
1057,,曲苑杂坛,其他曲苑杂坛,成都
1058,,展览休闲,展会,哈尔滨
1059,,曲苑杂坛,其他曲苑杂坛,杭州
1060,,展览休闲,特色体验,北京
1061,,曲苑杂坛,其他曲苑杂坛,郑州
1062,,展览休闲,展会,济南
1063,,展览休闲,展会,大理
1064,,曲苑杂坛,戏曲,杭州
1065,,展览休闲,展会,广州
1066,,展览休闲,展会,上海
1067,,展览休闲,展会,北京
1068,,展览休闲,特色体验,北京
1069,,展览休闲,特色体验,北京
1070,,展览休闲,展会,上海
1071,,展览休闲,展会,昆明
1072,,展览休闲,特色体验,上海
1073,,展览休闲,特色体验,上海
1074,,展览休闲,特色体验,青岛
1075,,展览休闲,展会,上海
1076,,展览休闲,特色体验,无锡
1077,,展览休闲,特色体验,北京
1078,,展览休闲,展会,北京
1079,,展览休闲,展会,昆明
1080,,展览休闲,展会,厦门
1081,,曲苑杂坛,戏曲,苏州
1082,,音乐会,其他音乐会,广州
1083,,展览休闲,特色体验,天津
1084,艺人：果味VC,演唱会,其他演唱会,上海
1085,,展览休闲,展会,广州
1086,,展览休闲,特色体验,北京
1087,,展览休闲,展会,北京
1088,,展览休闲,展会,昆明
1089,,展览休闲,展会,厦门
1090,,展览休闲,展会,北京
1091,,展览休闲,特色体验,上海
1092,,展览休闲,特色体验,呼和浩特
1093,,曲苑杂坛,相声,济南
1094,,曲苑杂坛,其他曲苑杂坛,杭州
1095,,音乐会,其他音乐会,杭州
1096,,话剧歌剧,话剧,重庆
1097,,曲苑杂坛,戏曲,上海
1098,,展览休闲,展会,上海
1099,,展览休闲,特色体验,克拉玛依
1100,,音乐会,其他音乐会,上海
1101,,话剧歌剧,话剧,杭州
1102,艺人：韩雪,话剧歌剧,音乐剧,杭州
1103,,展览休闲,特色体验,杭州
1104,,音乐会,其他音乐会,上海
1105,,话剧歌剧,话剧,苏州
1106,,展览休闲,特色体验,沈阳
1107,,儿童亲子,其他儿童亲子,郑州
1108,艺人：胡军、濮存昕、卢芳、苗驰,话剧歌剧,话剧,上海
1109,,展览休闲,展会,广州
1110,,儿童亲子,其他儿童亲子,上海
1111,,演唱会,其他演唱会,成都
1112,,演唱会,其他演唱会,杭州
1113,,展览休闲,特色体验,武汉
1114,,演唱会,其他演唱会,长沙
1115,,曲苑杂坛,其他曲苑杂坛,上海
1116,,音乐会,其他音乐会,长沙
1117,,音乐会,其他音乐会,上海
1118,,话剧歌剧,话剧,杭州
1119,,话剧歌剧,话剧,深圳
1120,,曲苑杂坛,戏曲,上海
1121,,话剧歌剧,话剧,南京
1122,,曲苑杂坛,戏曲,上海
1123,,展览休闲,展会,合肥
1124,,演唱会,其他演唱会,重庆
1125,,曲苑杂坛,戏曲,重庆
1126,,曲苑杂坛,戏曲,重庆
1127,,话剧歌剧,话剧,成都
1128,,话剧歌剧,话剧,深圳
1129,,话剧歌剧,话剧,广州
1130,,舞蹈芭蕾,舞蹈,南京
1131,,音乐会,其他音乐会,上海
1132,,儿童亲子,其他儿童亲子,重庆
1133,,话剧歌剧,话剧,苏州
1134,,儿童亲子,其他儿童亲子,上海
1135,,演唱会,其他演唱会,南京
1136,,展览休闲,展会,广州
1137,,演唱会,其他演唱会,呼和浩特
1138,,儿童亲子,其他儿童亲子,上海
1139,,儿童亲子,其他儿童亲子,上海
1140,,儿童亲子,其他儿童亲子,上海
1141,,演唱会,其他演唱会,西安
1142,,展览休闲,特色体验,杭州
1143,,展览休闲,特色体验,上海
1144,,音乐会,其他音乐会,上海
1145,,话剧歌剧,话剧,上海
1146,,展览休闲,特色体验,成都
1147,,舞蹈芭蕾,舞蹈,河源
1148,,曲苑杂坛,其他曲苑杂坛,无锡
1149,,儿童亲子,其他儿童亲子,武汉
1150,,儿童亲子,其他儿童亲子,重庆
1151,,话剧歌剧,音乐剧,上海
1152,,话剧歌剧,音乐剧,杭州
1153,,曲苑杂坛,戏曲,上海
1154,,音乐会,其他音乐会,青岛
1155,,儿童亲子,其他儿童亲子,天津
1156,,话剧歌剧,话剧,上海
1157,,舞蹈芭蕾,舞蹈,上海
1158,,展览休闲,展会,上海
1159,,话剧歌剧,音乐剧,上海
1160,,儿童亲子,其他儿童亲子,杭州
1161,,儿童亲子,其他儿童亲子,天津
1162,,儿童亲子,其他儿童亲子,济南
1163,,展览休闲,特色体验,大连
1164,,话剧歌剧,话剧,上海
1165,,展览休闲,特色体验,重庆
1166,,音乐会,其他音乐会,西安
1167,,话剧歌剧,话剧,成都
1168,,展览休闲,展会,杭州
1169,,曲苑杂坛,戏曲,苏州
1170,,话剧歌剧,话剧,上海
1171,,话剧歌剧,话剧,佛山
1172,,展览休闲,展会,成都
1173,,话剧歌剧,话剧,上海
1174,,展览休闲,展会,天津
1175,,话剧歌剧,话剧,成都
1176,,演唱会,其他演唱会,杭州
1177,,展览休闲,特色体验,天津
1178,,话剧歌剧,话剧,上海
1179,,展览休闲,展会,上海
1180,,展览休闲,展会,上海
1181,,展览休闲,展会,西安
1182,,展览休闲,展会,福州
1183,艺人：郝云,演唱会,其他演唱会,北京
1184,,曲苑杂坛,戏曲,郑州
1185,,曲苑杂坛,其他曲苑杂坛,鄂尔多斯
1186,,体育,其他体育,北京
1187,,话剧歌剧,音乐剧,长沙
1188,,话剧歌剧,音乐剧,北京
1189,,展览休闲,特色体验,昆明
1190,,展览休闲,展会,上海
1191,,展览休闲,展会,天津
1192,,展览休闲,展会,成都
1193,,展览休闲,特色体验,上海
1194,,展览休闲,特色体验,上海
1195,,展览休闲,展会,北京
1196,,展览休闲,展会,沈阳
1197,,展览休闲,特色体验,东莞
1198,,话剧歌剧,音乐剧,西安
1199,,展览休闲,特色体验,呼和浩特
1200,,曲苑杂坛,其他曲苑杂坛,杭州
1201,,展览休闲,特色体验,太原
1202,,体育,其他体育,上海
1203,,音乐会,其他音乐会,广州
1204,,音乐会,其他音乐会,上海
1205,,音乐会,其他音乐会,上海
1206,艺人：梁静茹,演唱会,其他演唱会,太原
1207,,演唱会,其他演唱会,成都
1208,,演唱会,其他演唱会,成都
1209,,展览休闲,展会,上海
1210,,儿童亲子,其他儿童亲子,马鞍山
1211,,音乐会,其他音乐会,上海
1212,,儿童亲子,其他儿童亲子,武汉
1213,,儿童亲子,其他儿童亲子,马鞍山
1214,,音乐会,其他音乐会,上海
1215,,体育,其他体育,阿坝
1216,,曲苑杂坛,其他曲苑杂坛,常州
1217,,话剧歌剧,话剧,成都
1218,,展览休闲,展会,上海
1219,,话剧歌剧,话剧,深圳
1220,,儿童亲子,其他儿童亲子,杭州
1221,,演唱会,其他演唱会,成都
1222,艺人：杭盖乐队,音乐会,其他音乐会,苏州
1223,,儿童亲子,其他儿童亲子,珠海
1224,,话剧歌剧,话剧,上海
1225,,曲苑杂坛,戏曲,广州
1226,,曲苑杂坛,戏曲,杭州
1227,,演唱会,其他演唱会,杭州
1228,艺人：刘令飞,音乐会,其他音乐会,上海
1229,,音乐会,其他音乐会,北海
1230,,音乐会,其他音乐会,南京
1231,,话剧歌剧,音乐剧,上海
1232,,展览休闲,展会,哈尔滨
1233,,话剧歌剧,话剧,南京
1234,,音乐会,其他音乐会,苏州
1235,,话剧歌剧,话剧,深圳
1236,,儿童亲子,其他儿童亲子,西安
1237,,展览休闲,展会,宁波
1238,,儿童亲子,其他儿童亲子,重庆
1239,,演唱会,其他演唱会,成都
1240,,曲苑杂坛,戏曲,上海
1241,,话剧歌剧,话剧,上海
1242,,展览休闲,展会,北京
1243,,话剧歌剧,话剧,上海
1244,,曲苑杂坛,戏曲,重庆
1245,,展览休闲,特色体验,成都
1246,,话剧歌剧,话剧,深圳
1247,,话剧歌剧,话剧,深圳
1248,,音乐会,其他音乐会,上海
1249,,话剧歌剧,话剧,深圳
1250,,话剧歌剧,话剧,深圳
1251,,曲苑杂坛,其他曲苑杂坛,金华
1252,,儿童亲子,其他儿童亲子,重庆
1253,,儿童亲子,其他儿童亲子,安康
1254,,儿童亲子,其他儿童亲子,大连
1255,,话剧歌剧,音乐剧,杭州
1256,,展览休闲,展会,上海
1257,,展览休闲,其他展览休闲,成都
1258,,儿童亲子,其他儿童亲子,石家庄
1259,,曲苑杂坛,戏曲,苏州
1260,,展览休闲,特色体验,南京
1261,,儿童亲子,其他儿童亲子,重庆
1262,,话剧歌剧,话剧,杭州
1263,,展览休闲,其他展览休闲,广州
1264,,演唱会,其他演唱会,宁波
1265,,儿童亲子,其他儿童亲子,天津
1266,,儿童亲子,其他儿童亲子,天津
1267,,体育,其他体育,北京
1268,,话剧歌剧,话剧,杭州
1269,,话剧歌剧,话剧,酒泉
1270,,话剧歌剧,话剧,上海
1271,,儿童亲子,其他儿童亲子,济南
1272,,展览休闲,其他展览休闲,杭州
1273,,儿童亲子,其他儿童亲子,济南
1274,,展览休闲,展会,上海
1275,,话剧歌剧,话剧,上海
1276,,演唱会,其他演唱会,宁波
1277,,话剧歌剧,话剧,西安
1278,,演唱会,其他演唱会,成都
1279,,话剧歌剧,话剧,上海
1280,,展览休闲,特色体验,东莞
1281,,曲苑杂坛,戏曲,苏州
1282,,展览休闲,展会,上海
1283,艺人：欧阳娜娜,音乐会,其他音乐会,北京
1284,,展览休闲,展会,上海
1285,,展览休闲,特色体验,沈阳
1286,,曲苑杂坛,戏曲,苏州
1287,艺人：龚子棋,话剧歌剧,音乐剧,上海
1288,,曲苑杂坛,其他曲苑杂坛,重庆
1289,,演唱会,其他演唱会,上海
1290,,儿童亲子,其他儿童亲子,苏州
1291,,展览休闲,展会,天津
1292,,曲苑杂坛,其他曲苑杂坛,上海
1293,艺人：张超,展览休闲,展会,北京
1294,,音乐会,其他音乐会,上海
1295,,曲苑杂坛,戏曲,苏州
1296,,话剧歌剧,话剧,西安
1297,,展览休闲,展会,上海
1298,,展览休闲,展会,北京
1299,,展览休闲,展会,深圳
1300,,展览休闲,展会,北京
1301,,展览休闲,特色体验,天津
1302,,话剧歌剧,话剧,成都
1303,,展览休闲,展会,成都
1304,,展览休闲,展会,厦门
1305,,话剧歌剧,话剧,上海
1306,,展览休闲,特色体验,成都
1307,,曲苑杂坛,戏曲,苏州
1308,,音乐会,其他音乐会,杭州
1309,,展览休闲,特色体验,成都
1310,,展览休闲,特色体验,呼和浩特
1311,,话剧歌剧,音乐剧,杭州
1312,,曲苑杂坛,戏曲,苏州
1313,,话剧歌剧,话剧,武汉
1314,,儿童亲子,其他儿童亲子,天津
1315,,展览休闲,展会,上海
1316,,曲苑杂坛,其他曲苑杂坛,上海
1317,艺人：蔡依林,演唱会,流行,武汉
1318,,展览休闲,特色体验,郑州
1319,,话剧歌剧,话剧,宁波
1320,,话剧歌剧,话剧,上海
1321,,演唱会,其他演唱会,上海
1322,,演唱会,其他演唱会,上海
1323,,话剧歌剧,话剧,广州
1324,,演唱会,其他演唱会,上海
1325,,儿童亲子,其他儿童亲子,马鞍山
1326,,体育,其他体育,阿坝
1327,,舞蹈芭蕾,舞蹈,西安
1328,,展览休闲,其他展览休闲,苏州
1329,,话剧歌剧,话剧,深圳
1330,,话剧歌剧,话剧,深圳
1331,,展览休闲,展会,北京
1332,,演唱会,其他演唱会,杭州
1333,,儿童亲子,其他儿童亲子,珠海
1334,,儿童亲子,其他儿童亲子,珠海
1335,,曲苑杂坛,其他曲苑杂坛,重庆
1336,,演唱会,其他演唱会,广州
1337,,演唱会,其他演唱会,杭州
1338,,话剧歌剧,音乐剧,深圳
1339,,话剧歌剧,话剧,上海
1340,,展览休闲,展会,哈尔滨
1341,,儿童亲子,其他儿童亲子,济南
1342,,话剧歌剧,话剧,南京
1343,,儿童亲子,其他儿童亲子,重庆
1344,,儿童亲子,其他儿童亲子,杭州
1345,,话剧歌剧,话剧,深圳
1346,,音乐会,其他音乐会,上海
1347,,音乐会,其他音乐会,上海
1348,,话剧歌剧,话剧,广州
1349,,儿童亲子,其他儿童亲子,天津
1350,,话剧歌剧,话剧,广州
1351,,话剧歌剧,话剧,广州
1352,,展览休闲,展会,上海
1353,,音乐会,其他音乐会,昆明
1354,,话剧歌剧,话剧,广州
1355,,儿童亲子,其他儿童亲子,武汉
1356,,儿童亲子,其他儿童亲子,重庆
1357,,展览休闲,展会,上海
1358,,展览休闲,展会,杭州
1359,,儿童亲子,其他儿童亲子,杭州
1360,,展览休闲,展会,昆明
1361,,舞蹈芭蕾,舞蹈,上海
1362,,话剧歌剧,话剧,上海
1363,,展览休闲,展会,上海
1364,,话剧歌剧,话剧,广州
1365,,儿童亲子,其他儿童亲子,杭州
1366,,展览休闲,展会,上海
1367,,展览休闲,展会,太原
1368,,展览休闲,展会,深圳
1369,,音乐会,其他音乐会,长沙
1370,,演唱会,其他演唱会,宁波
1371,,演唱会,其他演唱会,宁波
1372,,话剧歌剧,话剧,大连
1373,,音乐会,其他音乐会,包头
1374,,展览休闲,特色体验,天津
1375,,展览休闲,展会,深圳
1376,,曲苑杂坛,戏曲,苏州
1377,,舞蹈芭蕾,舞蹈,上海
1378,,展览休闲,特色体验,上海
1379,,展览休闲,特色体验,天津
1380,,展览休闲,特色体验,天津
1381,,展览休闲,展会,乌鲁木齐
1382,,展览休闲,特色体验,天津
1383,,展览休闲,特色体验,天津
1384,,展览休闲,展会,北京
1385,,话剧歌剧,音乐剧,阿坝
1386,,曲苑杂坛,其他曲苑杂坛,苏州
1387,,话剧歌剧,话剧,西安
1388,,舞蹈芭蕾,舞蹈,西安
1389,,展览休闲,展会,哈尔滨
1390,,展览休闲,展会,昆明
1391,,展览休闲,特色体验,北京
1392,,展览休闲,特色体验,北京
1393,,展览休闲,展会,北京
1394,,展览休闲,展会,北京
1395,,曲苑杂坛,其他曲苑杂坛,银川
1396,,展览休闲,展会,杭州
1397,,展览休闲,特色体验,上海
1398,,展览休闲,特色体验,上海
1399,,展览休闲,特色体验,北京
1400,,展览休闲,特色体验,上海
1401,,展览休闲,展会,大连
1402,,儿童亲子,其他儿童亲子,重庆
1403,,展览休闲,展会,上海
1404,,儿童亲子,其他儿童亲子,北京
1405,,音乐会,其他音乐会,杭州
1406,,展览休闲,展会,大连
1407,,曲苑杂坛,其他曲苑杂坛,杭州
1408,,话剧歌剧,音乐剧,宁波
1409,,展览休闲,特色体验,桂林
1410,,展览休闲,特色体验,西安
1411,,展览休闲,特色体验,杭州
